
# 日期函数
![[Pasted image 20221118145406.png]]

- 获得年月日
```sql
select current_date();
+----------------+ 
| current_date() | 
+----------------+ 
| 2017-11-19     | 
+----------------+
```
- 获得时分秒：
```sql
select current_time();
+----------------+ 
| current_time() | 
+----------------+ 
| 13:51:21       | 
+----------------+
```

- 获得时间戳：
```sql
select current_timestamp();
+---------------------+ 
| current_timestamp() | 
+---------------------+ 
| 2017-11-19 13:51:48 | 
+---------------------+
```

- 在日期的基础上加日期：
```sql
select date_add('2017-10-28', interval 10 day);
+-----------------------------------------+ 
| date_add('2017-10-28', interval 10 day) | 
+-----------------------------------------+ 
| 2017-11-07                             | 
+-----------------------------------------+
```

- 在日期的基础上减去时间：
```sql
select date_sub('2017-10-1', interval 2 day);
+---------------------------------------+ 
| date_sub('2017-10-1', interval 2 day) | 
+---------------------------------------+ 
| 2017-09-29                           | 
+---------------------------------------+
```
- 计算两个日期之间相差多少天
```sql
select datediff('2017-10-10', '2016-9-1');
+------------------------------------+ 
| datediff('2017-10-10', '2016-9-1') | 
+------------------------------------+ 
|                                404 | 
+------------------------------------+
```
## 案例1
创建一张表，记录生日
```sql
create table tmp(
id int primary key auto_increment,
birthday date
);
```

添加当前日期：
```sql
insert into tmp(birthday) values(current_date());

mysql> select * from tmp; 
+----+------------+
| id | birthday   | 
+----+------------+ 
|  1 | 2017-11-19 | 
+----+------------+
```

## 案例2
创建一个留言表
```sql
create table msg (
 id int primary key auto_increment, 
 content varchar(30) not null,
 sendtime datetime 
);
```

插入数据
```sql
insert into msg(content,sendtime) values('hello1', now());
insert into msg(content,sendtime) values('hello2', now());

 select * from msg;
+----+---------+---------------------+
| id | content | sendtime            |
+----+---------+---------------------+
|  1 | hello1  | 2022-11-18 15:03:37 |
|  2 | hello2  | 2022-11-18 15:03:38 |
+----+---------+---------------------+
```

显示所有留言信息，发布日期只显示日期，不用显示时间
```sql
select content, date(sendtime) from msg;
+---------+----------------+
| content | date(sendtime) |
+---------+----------------+
| hello1  | 2022-11-18     |
| hello2  | 2022-11-18     |
+---------+----------------+
```
- 请查询在2分钟内发布的帖子
```sql
 select * from msg where date_add(sendtime , interval 2 minute) > now();
+----+---------+---------------------+
| id | content | sendtime            |
+----+---------+---------------------+
|  3 | hello2  | 2022-11-18 15:08:21 |
+----+---------+---------------------+
```


# 字符串函数
![[Pasted image 20221118150905.png]]

## 案例
### 获取emp表的ename列的字符集
```sql
select charset(ename) from emp;
+----------------+
| charset(ename) |
+----------------+
| utf8mb3        |
| utf8mb3        |
| utf8mb3        |
| utf8mb3        |
| utf8mb3        |
| utf8mb3        |
| utf8mb3        |
| utf8mb3        |
| utf8mb3        |
| utf8mb3        |
| utf8mb3        |
| utf8mb3        |
| utf8mb3        |
| utf8mb3        |
+----------------+
```
我使用的是MySQL8.0版本，所以字符集是utf8mb3格式

### 要求显示student表中的信息，显示格式：“XXX的语文是XXX分，数学XXX分，英语XXX分”
```sql
select concat(name, '的语文是',chinese,'分，数学是',math,'分') as '分数' from exam_result;
+-----------------------------------------------+
| 分数                                          |
+-----------------------------------------------+
| 唐三藏的语文是134分，数学是98分               |
| 猪悟能的语文是176分，数学是98分               |
| 曹孟德的语文是140分，数学是90分               |
| 刘玄德的语文是110分，数学是115分              |
| 孙权的语文是140分，数学是73分                 |
| 宋公明的语文是150分，数学是95分               |
+-----------------------------------------------+
```

### 求学生表中学生姓名占用的字节数
```sql
select length(name), name from exam_result;
+--------------+-----------+
| length(name) | name      |
+--------------+-----------+
|            9 | 唐三藏    |
|            9 | 猪悟能    |
|            9 | 曹孟德    |
|            9 | 刘玄德    |
|            6 | 孙权      |
|            9 | 宋公明    |
+--------------+-----------+
```
注意：length函数返回字符串长度，以字节为单位。如果是多字节字符则计算多个字节数；如果是单字节字符则算作一个字节。比如：字母，数组算作一个字节，中文表示多个字节数（与字符集编码有关）

### 将emp表中所有名字中有S的替换成'上海'
只是修改查询结果，并不会对数据库中的内容产生影响。
```sql
select replace(ename, 'S', '上海') ,ename from emp;
+--------------------------------+--------+
| replace(ename ,'S' , '上海')   | ename  |
+--------------------------------+--------+
| 上海MITH                       | SMITH  |
| ALLEN                          | ALLEN  |
| WARD                           | WARD   |
| JONE上海                       | JONES  |
| MARTIN                         | MARTIN |
| BLAKE                          | BLAKE  |
| CLARK                          | CLARK  |
| 上海COTT                       | SCOTT  |
| KING                           | KING   |
| TURNER                         | TURNER |
| ADAM上海                       | ADAMS  |
| JAME上海                       | JAMES  |
| FORD                           | FORD   |
| MILLER                         | MILLER |
+--------------------------------+--------+
```

### 截取emp表中ename字段的第二个到第三个字符
```sql
select substring(ename, 2, 2), ename from emp;
+--------------------------+--------+
| substring(ename , 2 , 2) | ename  |
+--------------------------+--------+
| MI                       | SMITH  |
| LL                       | ALLEN  |
| AR                       | WARD   |
| ON                       | JONES  |
| AR                       | MARTIN |
| LA                       | BLAKE  |
| LA                       | CLARK  |
| CO                       | SCOTT  |
| IN                       | KING   |
| UR                       | TURNER |
| DA                       | ADAMS  |
| AM                       | JAMES  |
| OR                       | FORD   |
| IL                       | MILLER |
+--------------------------+--------+
```


### 以首字母小写的方式显示所有员工的姓名
```sql
select concat(lcase(substring(ename, 1, 1)),substring(ename,2)) from emp;
+-------------------------------------------------------------+
| concat(lcase(substring(ename , 1, 1)), substring(ename, 2)) |
+-------------------------------------------------------------+
| sMITH                                                       |
| aLLEN                                                       |
| wARD                                                        |
| jONES                                                       |
| mARTIN                                                      |
| bLAKE                                                       |
| cLARK                                                       |
| sCOTT                                                       |
| kING                                                        |
| tURNER                                                      |
| aDAMS                                                       |
| jAMES                                                       |
| fORD                                                        |
| mILLER                                                      |
+-------------------------------------------------------------+
```


# 数学函数
![[Pasted image 20221118222601.png]]

## 绝对值
```sql
select abs(-100.2);
```

## 向上取整
```sql
select ceiling(23.04);
```

## 向下取整
```sql
select floor(23.7);
```

## 保留2位小数位数（小数四舍五入)
```sql
select format(12.3456, 2);
```

## 产生随机数
```sql
select rand();
```


# 其他函数
## user() 查询当前用户
```sql
select user();
+----------------+
| user()         |
+----------------+
| root@localhost |
+----------------+
```

## md5(str)对一个字符串进行md5摘要，摘要后得到一个32位字符串
```sql
select md5('admin')
+----------------------------------+ 
| md5('admin')                     | 
+----------------------------------+ 
| 21232f297a57a5a743894a0e4a801fc3 | 
+----------------------------------+
```


## database()显示当前正在使用的数据库
```sql
select database();
```

## password()函数，MySQL数据库使用该函数对用户加密
```sql
select password('root');
+-------------------------------------------+ 
| password('root')                          |
+-------------------------------------------+ 
| *81F5E21E35407D884A6CD4A731AEBFB6AF209E1B | 
+-------------------------------------------+
```

## ifnull（val1， val2）  如果val1为null，返回val2，否则返回val1的值
```sql
select ifnull('abc', '123'); 
  +----------------------+ 
  | ifnull('abc', '123') | 
  +----------------------+ 
  | abc                 | 
  +----------------------+
1 row in set (0.01 sec) 
   
select ifnull(null, '123'); 
   +---------------------+ 
   | ifnull(null, '123') | 
   +---------------------+ 
   | 123                 | 
   +---------------------+
1 row in set (0.00 sec)
```