真正约束字段的是数据类型，但是数据类型约束很单一，需要有一些额外的约束，更好的保证数据的合法性，从业务逻辑角度保证数据的正确性。比如有一个字段是email，要求是唯一的。

表的约束很多，这里主要介绍如下几个：   `null/not null`,`default`, `comment`, `zerofill`，`primary key`,`auto_increment`，`unique key` 。

# 空属性
- 两个值：`null`（默认的）和 `not null`(不为空)
- 数据库默认字段基本都是字段为空，但是实际开发时，尽可能保证字段不为空，因为数据为空没办法参与运算。
```sql
mysql> select null; 
+------+
| NULL | 
+------+ 
| NULL | 
+------+
1 row in set (0.00 sec)

mysql> select 1+null; 
+--------+
| 1+null | 
+--------+ 
|   NULL | 
+--------+
1 row in set (0.00 sec)
```


案例：
创建一个班级表，包含班级名和班级所在的教室。 

站在正常的业务逻辑中：
	- 如果班级没有名字，你不知道你在哪个班级 
	- 如果教室名字可以为空，就不知道在哪上课
所以我们在设计数据库表的时候，一定要在表中进行限制，满足上面条件的数据就不能插入到表中。这就是“约束”。
```sql
create table myclass(
class_name varchar(20) not null, 
class_room varchar(10) not null
); 


mysql> desc myclass;
+------------+-------------+------+-----+---------+-------+ 
| Field     | Type         | Null | Key | Default | Extra | 
+------------+-------------+------+-----+---------+-------+
| class_name | varchar(20) | NO   |     | NULL    |       | 
| class_room | varchar(10) | NO   |     | NULL    |       | 
+------------+-------------+------+-----+---------+-------+
 
--插入数据时,没有给教室数据插入失败：
mysql> insert into myclass(class_name) values('class1');
ERROR 1364 (HY000): Field 'class_room' doesn't have a default value
```

# 默认值 default
默认值：某一种数据会经常性的出现某个具体的值，可以在一开始就指定好，在需要真实数据的时候，用户可以选择性的使用默认值。
```sql
create table tt10 (
name varchar(20) not null,
age tinyint unsigned default 0, 
sex char(2) default '男'
);

mysql> desc tt10;
+-------+---------------------+------+-----+---------+-------+ 
| Field | Type                | Null | Key | Default | Extra | 
+-------+---------------------+------+-----+---------+-------+ 
| name  | varchar(20)         | NO   |     | NULL    |       | 
| age   | tinyint(3) unsigned | YES  |     | 0       |       | 
| sex   | char(2)             | YES  |     | 男      |       | 
+-------+---------------------+------+-----+---------+-------+
```

默认值的生效：数据在插入的时候不给该字段赋值，就使用默认值
```sql
mysql> insert into tt10(name) values('zhangsan'); 
Query OK, 1 row affected (0.00 sec)

mysql> select * from tt10; 
+----------+------+------+ 
| name     | age   | sex | 
+----------+------+------+ 
| zhangsan |    0 | 男   | 
+----------+------+------+
--注意：只有设置了default的列，才可以在插入值的时候，对列进行省略
```

# 列描述 comment
列描述：comment，没有实际含义，专门用来描述字段，会根据表创建语句保存，用来给程序员或DBA来进行了 
解。
```sql
create table tt12 (
name varchar(20) not null comment '姓名',
age tinyint unsigned default 0 comment '年龄', 
sex char(2) default '男' comment '性别'
);
--注意：not null和defalut一般不需要同时出现，因为default本身有默认值，不会为空
```

通过desc查看不到注释信息：
```sql
mysql> desc tt12;
+-------+---------------------+------+-----+---------+-------+ 
| Field | Type               | Null | Key | Default | Extra | 
+-------+---------------------+------+-----+---------+-------+ 
| name | varchar(20)         | NO   |     | NULL   |       | 
| age   | tinyint(3) unsigned | YES |     | 0       |       | 
| sex   | char(2)             | YES |     | 男     |       | 
+-------+---------------------+------+-----+---------+-------+
```

通过`show create table 表名` 可以看到：
```sql
mysql> show create table tt12\G
*************************** 1. row *************************** 
      Table: tt12
Create Table: CREATE TABLE `tt12` (
	`name` varchar(20) NOT NULL COMMENT '姓名',
	`age` tinyint(3) unsigned DEFAULT '0' COMMENT '年龄', 
	`sex` char(2) DEFAULT '男' COMMENT '性别'
) ENGINE=MyISAM DEFAULT CHARSET=gbk 
1 row in set (0.00 sec)
```
# zeroﬁll
